{"text": " Four score and seven years ago, our fathers brought forth on this continent a new nation conceived in liberty and dedicated to the proposition that all men are created equal.", "segments": [{"id": 0, "seek": 0, "start": 0.0, "end": 10.0, "text": " Four score and seven years ago, our fathers brought forth on this continent a new nation conceived in liberty and dedicated to the proposition that all men are created equal.", "tokens": [50364, 7451, 6175, 293, 3407, 924, 2057, 11, 527, 23450, 3038, 5220, 322, 341, 18932, 257, 777, 4790, 34898, 294, 22849, 293, 8374, 281, 264, 24830, 300, 439, 1706, 366, 2942, 2681, 13, 50864], "temperature": 0.0, "avg_logprob": -0.23226228441510882, "compression_ratio": 1.380952380952381, "no_speech_prob": 0.018183255568146706}], "language": "en"}